[
  {
    "id": "2dcdffaf-b62f-415b-aa3b-6108a5d0c257",
    "data": [
      {
        "text": "flu",
        "userDefined": false
      }
    ],
    "isTemplate": false,
    "count": 0,
    "lang": "en",
    "updated": 0
  },
  {
    "id": "2c919cff-edc7-4780-bd5d-346ca0415897",
    "data": [
      {
        "text": "cold",
        "userDefined": false
      }
    ],
    "isTemplate": false,
    "count": 0,
    "lang": "en",
    "updated": 0
  },
  {
    "id": "698ea954-deb5-4363-a877-c1a1def9edae",
    "data": [
      {
        "text": "cold/flu",
        "userDefined": false
      }
    ],
    "isTemplate": false,
    "count": 0,
    "lang": "en",
    "updated": 0
  }
]