[
  {
    "id": "e20737c6-261e-41e3-ac95-5068c88b38c7",
    "data": [
      {
        "text": "5",
        "meta": "@rate",
        "alias": "rate",
        "userDefined": false
      }
    ],
    "isTemplate": false,
    "count": 0,
    "lang": "en",
    "updated": 0
  },
  {
    "id": "9622713c-957c-47c5-97ec-c8130ccef3d4",
    "data": [
      {
        "text": "4",
        "meta": "@rate",
        "alias": "rate",
        "userDefined": false
      }
    ],
    "isTemplate": false,
    "count": 0,
    "lang": "en",
    "updated": 0
  },
  {
    "id": "790a795f-d1d9-4e33-8c2d-40c1ded337d1",
    "data": [
      {
        "text": "3",
        "meta": "@rate",
        "alias": "rate",
        "userDefined": false
      }
    ],
    "isTemplate": false,
    "count": 0,
    "lang": "en",
    "updated": 0
  },
  {
    "id": "9a73775f-8c3b-4aaa-a8d6-9a99394c48cf",
    "data": [
      {
        "text": "2",
        "meta": "@rate",
        "alias": "rate",
        "userDefined": false
      }
    ],
    "isTemplate": false,
    "count": 0,
    "lang": "en",
    "updated": 0
  },
  {
    "id": "cb170606-ce71-4549-b18f-af4f529d36fb",
    "data": [
      {
        "text": "1",
        "meta": "@rate",
        "alias": "rate",
        "userDefined": false
      }
    ],
    "isTemplate": false,
    "count": 0,
    "lang": "en",
    "updated": 0
  }
]