[
  {
    "id": "09410f5f-013d-400c-bbb7-eaac386e7ed5",
    "data": [
      {
        "text": "TTYL",
        "userDefined": false
      }
    ],
    "isTemplate": false,
    "count": 0,
    "lang": "en",
    "updated": 0
  },
  {
    "id": "5dc2b24b-25d4-4d66-b744-e709a2fa4852",
    "data": [
      {
        "text": "Stop",
        "userDefined": false
      }
    ],
    "isTemplate": false,
    "count": 0,
    "lang": "en",
    "updated": 0
  },
  {
    "id": "5099b512-3e1f-41c8-b0e3-8d170c2d74b5",
    "data": [
      {
        "text": "End",
        "userDefined": false
      }
    ],
    "isTemplate": false,
    "count": 0,
    "lang": "en",
    "updated": 0
  },
  {
    "id": "db8252a3-2214-4745-9c39-f31f5bdcd8dd",
    "data": [
      {
        "text": "Quit",
        "userDefined": false
      }
    ],
    "isTemplate": false,
    "count": 0,
    "lang": "en",
    "updated": 0
  },
  {
    "id": "90844d7f-8e1c-4f90-863a-f3d69e607979",
    "data": [
      {
        "text": "Good bye",
        "userDefined": false
      }
    ],
    "isTemplate": false,
    "count": 0,
    "lang": "en",
    "updated": 0
  }
]